controller,scenario,avg_waiting_time,avg_queue_length,throughput,avg_reward,stops_per_vehicle,emergency_delay,total_steps
fixed,area_run,97.59166666666667,10.691666666666666,19.0,-77.62382192460318,0.0,0.0,120
actuated,area_run,637.8583333333333,22.366666666666667,16.0,-206.4121378968254,0.0,0.0,120
genetic,area_run,943.025,25.708333333333332,20.0,-348.37423859126983,0.0,0.0,120
hybrid,area_run,721.4166666666666,23.191666666666666,17.0,-230.8879439484127,0.0,0.0,120
