controller,scenario,avg_waiting_time_mean,avg_waiting_time_std,avg_queue_length_mean,throughput_mean,avg_reward_mean,reward_score_mean,stops_per_vehicle_mean,emergency_delay_mean,runs,wait_ci95
actuated,image_interchange_peak,305.18333333333334,0.0,16.416666666666668,138.0,-302.38750000000005,76.78206370991737,0.0,0.0,2,0.0
fixed,image_interchange_peak,621.85,0.0,33.70666666666666,121.0,-624.2266666666667,61.567761478282996,0.0,0.0,2,0.0
genetic,image_interchange_peak,267.0816666666667,5.362226423997992,11.621666666666666,125.5,-263.71208333333334,79.13287419127319,0.0,0.0,2,7.4316666666666755
hybrid,image_interchange_peak,260.86833333333334,10.269547485432641,12.473333333333333,120.0,-257.9866666666666,79.49467249276762,0.0,0.0,2,14.232866666666688
