controller,scenario,avg_waiting_time,avg_queue_length,throughput,avg_reward,reward_score,stops_per_vehicle,emergency_delay,total_steps
fixed,image_interchange_peak,621.85,33.70666666666666,121.0,-624.2266666666667,61.567761478282996,0.0,0.0,300
fixed,image_interchange_peak,621.85,33.70666666666666,121.0,-624.2266666666667,61.567761478282996,0.0,0.0,300
actuated,image_interchange_peak,305.18333333333334,16.416666666666668,138.0,-302.38750000000005,76.78206370991737,0.0,0.0,300
actuated,image_interchange_peak,305.18333333333334,16.416666666666668,138.0,-302.38750000000005,76.78206370991737,0.0,0.0,300
genetic,image_interchange_peak,270.87333333333333,11.84,116.0,-268.0333333333333,78.86228017139402,0.0,0.0,300
genetic,image_interchange_peak,263.29,11.403333333333334,135.0,-259.3908333333334,79.40346821115236,0.0,0.0,300
hybrid,image_interchange_peak,268.13,13.46,127.0,-265.145,79.04232321196385,0.0,0.0,300
hybrid,image_interchange_peak,253.60666666666665,11.486666666666666,113.0,-250.8283333333333,79.9470217735714,0.0,0.0,300
