controller,scenario,avg_waiting_time_mean,avg_waiting_time_std,avg_queue_length_mean,throughput_mean,avg_reward_mean,stops_per_vehicle_mean,emergency_delay_mean,runs,wait_ci95
actuated,area_run,47.333333333333336,,4.483333333333333,4.0,-20.194791666666667,0.0,0.0,1,0.0
fixed,area_run,38.53333333333333,,4.066666666666666,3.0,-25.368055555555557,0.0,0.0,1,0.0
genetic,area_run,64.81666666666666,,4.883333333333334,4.0,-25.31006944444444,0.0,0.0,1,0.0
hybrid,area_run,47.333333333333336,,4.483333333333333,4.0,-20.194791666666667,0.0,0.0,1,0.0
