controller,scenario,avg_waiting_time,avg_queue_length,throughput,avg_reward,stops_per_vehicle,emergency_delay,total_steps
fixed,area_run,38.53333333333333,4.066666666666666,3.0,-25.368055555555557,0.0,0.0,60
actuated,area_run,47.333333333333336,4.483333333333333,4.0,-20.194791666666667,0.0,0.0,60
genetic,area_run,64.81666666666666,4.883333333333334,4.0,-25.31006944444444,0.0,0.0,60
hybrid,area_run,47.333333333333336,4.483333333333333,4.0,-20.194791666666667,0.0,0.0,60
