controller,scenario,avg_waiting_time,avg_queue_length,throughput,avg_reward,stops_per_vehicle,emergency_delay,total_steps
fixed,image_interchange_peak,5883.7,104.74722222222222,130.0,-2132.0885152854567,0.0,0.0,360
actuated,image_interchange_peak,22733.897222222222,235.33333333333334,84.0,-8511.977256714403,0.0,0.0,360
genetic,image_interchange_peak,22358.92777777778,238.225,73.0,-9365.922038211827,0.0,0.0,360
hybrid,image_interchange_peak,22153.422222222223,235.1027777777778,72.0,-8743.382833071291,0.0,0.0,360
