controller,scenario,avg_waiting_time,avg_queue_length,throughput,avg_reward,stops_per_vehicle,emergency_delay,total_steps
fixed,area_run,15.933333333333334,2.716666666666667,0.0,-4.426736111111111,0.0,0.0,60
actuated,area_run,7.883333333333334,1.8666666666666667,0.0,-2.2055555555555553,0.0,0.0,60
genetic,area_run,15.933333333333334,2.716666666666667,0.0,-4.426736111111111,0.0,0.0,60
hybrid,area_run,7.883333333333334,1.8666666666666667,0.0,-2.2055555555555553,0.0,0.0,60
