controller,scenario,avg_waiting_time,avg_queue_length,throughput,avg_reward,stops_per_vehicle,emergency_delay,total_steps
fixed,rush_hour,83.75144302806254,83.75144302806254,22360.73082871986,-100.83924425796813,2.7412457680275715,0.27713573584982076,16200
fixed,rush_hour,81.45043229939267,81.45043229939267,22289.65462621444,-97.02812872725663,2.7449171424532115,0.27085024268931057,16200
actuated,rush_hour,78.13915952885344,78.13915952885344,22872.37224899421,-94.86321189823205,2.7028371386173062,0.2603037149452945,16200
actuated,rush_hour,78.3605049736446,78.3605049736446,22962.277111150255,-93.91513545640909,2.697916316566051,0.261348202124779,16200
genetic,rush_hour,78.55794149760855,78.55794149760855,22871.35886578053,-95.22924844587735,2.706367120385228,0.26043518764263496,16200
genetic,rush_hour,78.2673529939714,78.2673529939714,22868.482647648114,-93.2904376214153,2.69914282500606,0.2617527237074881,16200
hybrid,rush_hour,77.24722283296612,77.24722283296612,20410.98991136502,-95.12183795663664,2.8344125316163735,0.2568546664330758,16200
hybrid,rush_hour,79.14409448513342,79.14409448513342,22423.151633439473,-95.56984326722817,2.7225556176207433,0.26167366896431554,16200
