controller,scenario,avg_waiting_time_mean,avg_waiting_time_std,avg_queue_length_mean,throughput_mean,avg_reward_mean,stops_per_vehicle_mean,emergency_delay_mean,runs,wait_ci95
actuated,rush_hour,78.24983225124902,0.1565148649965779,78.24983225124902,22917.324680072234,-94.38917367732057,2.700376727591679,0.26082595853503676,2,0.2169185358953314
fixed,rush_hour,82.6009376637276,1.627060289825461,82.6009376637276,22325.19272746715,-98.93368649261238,2.7430814552403913,0.27399298926956567,2,2.254990514096468
genetic,rush_hour,78.41264724578997,0.20547710145667755,78.41264724578997,22869.920756714324,-94.25984303364632,2.702754972695644,0.26109395567506155,2,0.2847767335644029
hybrid,rush_hour,78.19565865904977,1.3412908082880322,78.19565865904977,21417.070772402247,-95.3458406119324,2.778484074618558,0.25926416769869565,2,1.8589342191239597
