controller,scenario,avg_waiting_time_mean,avg_waiting_time_std,avg_queue_length_mean,throughput_mean,avg_reward_mean,stops_per_vehicle_mean,emergency_delay_mean,runs,wait_ci95
actuated,image_interchange_peak,1028.325,0.0,49.59722222222222,205.0,-402.1776302779925,0.0,0.0,2,0.0
fixed,image_interchange_peak,1358.8583333333333,0.0,72.31944444444444,161.0,-687.0654390609857,0.0,0.0,2,0.0
genetic,image_interchange_peak,741.3152777777777,20.523774323939566,35.831944444444446,186.5,-237.3437253724728,0.0,0.0,2,28.444500000000033
hybrid,image_interchange_peak,710.8666666666667,8.339931646994694,35.91388888888889,195.0,-228.6116913667704,0.0,0.0,2,11.55855555555559
