controller,scenario,avg_waiting_time_mean,avg_waiting_time_std,avg_queue_length_mean,throughput_mean,avg_reward_mean,stops_per_vehicle_mean,emergency_delay_mean,runs,wait_ci95
actuated,area_run,707.175,,22.666666666666668,17.0,-231.42258432539683,0.0,0.0,1,0.0
fixed,area_run,71.28333333333333,,8.591666666666667,19.0,-61.38809771825397,0.0,0.0,1,0.0
genetic,area_run,1001.75,,25.808333333333334,15.0,-400.4277703373016,0.0,0.0,1,0.0
hybrid,area_run,707.175,,22.666666666666668,17.0,-231.42258432539683,0.0,0.0,1,0.0
