controller,scenario,avg_waiting_time_mean,avg_waiting_time_std,avg_queue_length_mean,throughput_mean,avg_reward_mean,stops_per_vehicle_mean,emergency_delay_mean,runs,wait_ci95
actuated,area_run,7075.843333333333,,82.04333333333334,43.0,-2152.794135375342,0.0,0.0,1,0.0
fixed,area_run,162.73333333333332,,16.406666666666666,87.0,-146.5569132429211,0.0,0.0,1,0.0
genetic,area_run,8207.593333333334,,86.02333333333333,39.0,-2804.6281205880573,0.0,0.0,1,0.0
hybrid,area_run,1420.1166666666666,,37.53,71.0,-781.6830708346235,0.0,0.0,1,0.0
