controller,scenario,avg_waiting_time,avg_queue_length,throughput,avg_reward,stops_per_vehicle,emergency_delay,total_steps
fixed,area_run,162.73333333333332,16.406666666666666,87.0,-146.5569132429211,0.0,0.0,300
actuated,area_run,7075.843333333333,82.04333333333334,43.0,-2152.794135375342,0.0,0.0,300
genetic,area_run,8207.593333333334,86.02333333333333,39.0,-2804.6281205880573,0.0,0.0,300
hybrid,area_run,1420.1166666666666,37.53,71.0,-781.6830708346235,0.0,0.0,300
