controller,scenario,avg_waiting_time_mean,avg_waiting_time_std,avg_queue_length_mean,throughput_mean,avg_reward_mean,stops_per_vehicle_mean,emergency_delay_mean,runs,wait_ci95
actuated,area_run,4122.19,,41.20666666666666,77.0,-1363.5566556237343,0.0,0.0,1,0.0
fixed,area_run,309.44,,23.273333333333333,89.0,-158.11033278467966,0.0,0.0,1,0.0
genetic,area_run,4258.12,,41.71333333333333,77.0,-1442.8013174576004,0.0,0.0,1,0.0
hybrid,area_run,1172.4966666666667,,33.093333333333334,89.0,-492.60186404956414,0.0,0.0,1,0.0
