controller,scenario,avg_waiting_time_mean,avg_waiting_time_std,avg_queue_length_mean,throughput_mean,avg_reward_mean,stops_per_vehicle_mean,emergency_delay_mean,runs,wait_ci95
actuated,image_interchange_peak,481.5388888888889,0.0,18.625,171.0,-477.6451388888889,0.0,0.0,2,0.0
fixed,image_interchange_peak,803.0805555555555,0.0,36.48888888888889,165.0,-803.9527777777778,0.0,0.0,2,0.0
genetic,image_interchange_peak,482.2263888888889,7.583720228225738,15.777777777777779,146.0,-478.87083333333334,0.0,0.0,2,10.510500000000022
hybrid,image_interchange_peak,465.29583333333335,8.14547728216839,16.28472222222222,162.0,-461.26701388888887,0.0,0.0,2,11.289055555555585
