controller,scenario,avg_waiting_time,avg_queue_length,throughput,avg_reward,stops_per_vehicle,emergency_delay,total_steps
fixed,image_interchange_peak,803.0805555555555,36.48888888888889,165.0,-803.9527777777778,0.0,0.0,360
fixed,image_interchange_peak,803.0805555555555,36.48888888888889,165.0,-803.9527777777778,0.0,0.0,360
actuated,image_interchange_peak,481.5388888888889,18.625,171.0,-477.6451388888889,0.0,0.0,360
actuated,image_interchange_peak,481.5388888888889,18.625,171.0,-477.6451388888889,0.0,0.0,360
genetic,image_interchange_peak,487.5888888888889,15.672222222222222,147.0,-484.15694444444443,0.0,0.0,360
genetic,image_interchange_peak,476.8638888888889,15.883333333333333,145.0,-473.58472222222224,0.0,0.0,360
hybrid,image_interchange_peak,471.05555555555554,16.566666666666666,164.0,-466.9972222222222,0.0,0.0,360
hybrid,image_interchange_peak,459.5361111111111,16.002777777777776,160.0,-455.53680555555553,0.0,0.0,360
