controller,scenario,avg_waiting_time,avg_queue_length,throughput,avg_reward,stops_per_vehicle,emergency_delay,total_steps
fixed,area_run,928.8633333333333,12.22,90.0,-283.864154617402,0.0,0.0,300
actuated,area_run,2932.903333333333,29.186666666666667,67.0,-1006.8210330889976,0.0,0.0,300
genetic,area_run,3170.5266666666666,30.316666666666666,66.0,-1142.3720664796983,0.0,0.0,300
hybrid,area_run,1434.9833333333333,22.933333333333334,72.0,-549.9867197241576,0.0,0.0,300
