controller,scenario,avg_waiting_time,avg_queue_length,throughput,avg_reward,stops_per_vehicle,emergency_delay,total_steps
fixed,area_run,62.70333333333333,6.953333333333333,84.0,-47.638181003572456,0.0,0.0,300
actuated,area_run,3251.8766666666666,41.053333333333335,51.0,-937.8818213942025,0.0,0.0,300
genetic,area_run,6204.836666666667,63.68333333333333,38.0,-2201.982247633175,0.0,0.0,300
hybrid,area_run,5260.28,57.57333333333333,40.0,-1715.1611203127045,0.0,0.0,300
