controller,scenario,avg_waiting_time_mean,avg_waiting_time_std,avg_queue_length_mean,throughput_mean,avg_reward_mean,stops_per_vehicle_mean,emergency_delay_mean,runs,wait_ci95
actuated,area_run,3251.8766666666666,,41.053333333333335,51.0,-937.8818213942025,0.0,0.0,1,0.0
fixed,area_run,62.70333333333333,,6.953333333333333,84.0,-47.638181003572456,0.0,0.0,1,0.0
genetic,area_run,6204.836666666667,,63.68333333333333,38.0,-2201.982247633175,0.0,0.0,1,0.0
hybrid,area_run,5260.28,,57.57333333333333,40.0,-1715.1611203127045,0.0,0.0,1,0.0
