controller,scenario,avg_waiting_time,avg_queue_length,throughput,avg_reward,stops_per_vehicle,emergency_delay,total_steps
fixed,image_interchange_peak,1028.1805555555557,60.227777777777774,169.0,-398.90874723833736,0.0,0.0,360
actuated,image_interchange_peak,19348.016666666666,200.90833333333333,113.0,-7052.26845591475,0.0,0.0,360
genetic,image_interchange_peak,21939.797222222223,240.0388888888889,64.0,-9444.435340082626,0.0,0.0,360
hybrid,image_interchange_peak,7424.316666666667,129.7888888888889,125.0,-3095.520533588084,0.0,0.0,360
