controller,scenario,avg_waiting_time,avg_queue_length,throughput,avg_reward,stops_per_vehicle,emergency_delay,total_steps
fixed,area_run,111.64166666666667,11.708333333333334,8.0,-89.11618799603174,0.0,0.0,120
actuated,area_run,421.625,20.841666666666665,7.0,-128.6605431547619,0.0,0.0,120
genetic,area_run,1148.4583333333333,33.108333333333334,3.0,-410.80002232142857,0.0,0.0,120
hybrid,area_run,323.4916666666667,15.508333333333333,14.0,-145.1480828373016,0.0,0.0,120
